bci,sequence,uid,well,stype
1,CATTCCTA,pbs_1239,A1,T
2,CTTCATCA,pbs_1205,A2,T
3,CGTATATC,pbs_1410,A3,T
4,ACATTTAC,pbs_1211,A4,T
5,ACTTAGCT,pbs_1218,A5,T
6,GCAATTCT,pbs_1412,A6,T
7,GCCTATCT,pbs_1273,A7,T
8,ATGCTGCT,pbs_1227,A8,T
9,CATTTACA,pbs_1242,A9,T
10,ACTCGTAA,pbs_1100,A10,T
11,TCTTAGCA,pbs_1419,A11,T
12,ATGCACTT,pbs_1407,A12,T
97,CATCATCC,pbs_1327,A1,R
98,CTGCTTTG,pbs_1148,A2,R
99,TGAGTTCG,pbs_1601,A3,R
100,GCTTATAG,pbs_1166,A4,R
101,TCTGATCC,pbs_1371,A5,R
102,TCTCTTGG,pbs_1370,A6,R
103,CAATTTCC,pbs_1326,A7,R
104,AGTCTCTT,pbs_1312,A8,R
105,TGCTGCTC,pbs_1377,A9,R
106,GTATTTCC,pbs_1346,A10,R
107,TTCCTGTG,pbs_1388,A11,R
108,TCTGGCTC,pbs_1372,A12,R
199,CCTTTAAC,pbs_tcrX7,A11,X
200,CCGATGTT,pbs_tcrX8,A4,X
