plate	subpool	Count	Selection	Sublibrary Index	i7_subpool_barcode	i5_subpool_barcode
igvf_010	Sublibrary_2	67000	EX	2	ACTTGA	NA
igvf_010	Sublibrary_3	67000	NO	3	GATCAG	NA
igvf_010	Sublibrary_4	67000	NO	4	TAGCTT	NA
igvf_010	Sublibrary_5	67000	NO	5	ATGTCA	NA
igvf_010	Sublibrary_6	67000	NO	6	CTTGTA	NA
igvf_010	Sublibrary_7	67000	NO	7	AGTCAA	NA
igvf_010	Sublibrary_8	67000	NO	8	AGTTCC	NA
igvf_010	Sublibrary_9	67000	NO	9	GAGTGG	NA
igvf_010	Sublibrary_10	67000	NO	10	CCGTCC	NA
igvf_010	Sublibrary_11	67000	NO	11	GTAGAG	NA
igvf_010	Sublibrary_12	67000	NO	12	GTCCGC	NA
igvf_010	Sublibrary_13	67000	NO	13	GTGAAA	NA
igvf_010	Sublibrary_14	67000	NO	14	GTGGCC	NA
igvf_010	Sublibrary_15	67000	NO	15	GTTTCG	NA
igvf_010	Sublibrary_16	67000	NO	16	CGTACG	NA